ID,UserName,FirstName,LastName,Display_name,Job_Title,Department,Office_Number,Office_Phone,Mobile_phone,Fax,Address_City,ZIP_or_PostalCode,Country_or_Region,Email
1,max11,Max,Maxx,Max Maxx,Associate,Sales,1111,1111,1111,11,Paris,75000,France,max@gmail.com
2,john22,John,Johnn,John Johnn,Senior Associate,Telcomm,2222,2222,2222,22,Washington,98001,USA,john@gmail.com
3,shashank33,Shashank,Agarwal,Shashank Agarwal,Associate,IT,3333,3333,3333,33,Jaipur,302021,India,shashank@gmail.com
4,Veer44,Veer,Singh,verr Singh,Manager,Marketing,4444,4444,4444,44,Delhi,110001,India,veer@gmail.com
